{
  "Total" : {
    "transaction" : "Total",
    "sampleCount" : 15,
    "errorCount" : 0,
    "errorPct" : 0.0,
    "meanResTime" : 417.80000000000007,
    "medianResTime" : 247.0,
    "minResTime" : 61.0,
    "maxResTime" : 1143.0,
    "pct1ResTime" : 1088.4,
    "pct2ResTime" : 1143.0,
    "pct3ResTime" : 1143.0,
    "throughput" : 7.7081192189105865,
    "receivedKBytesPerSec" : 225.7520434545221,
    "sentKBytesPerSec" : 1.033771197327852
  },
  "Homepage_Tx" : {
    "transaction" : "Homepage_Tx",
    "sampleCount" : 5,
    "errorCount" : 0,
    "errorPct" : 0.0,
    "meanResTime" : 812.0,
    "medianResTime" : 817.0,
    "minResTime" : 422.0,
    "maxResTime" : 1143.0,
    "pct1ResTime" : 1143.0,
    "pct2ResTime" : 1143.0,
    "pct3ResTime" : 1143.0,
    "throughput" : 4.025764895330112,
    "receivedKBytesPerSec" : 51.43858192431562,
    "sentKBytesPerSec" : 0.4796321457326892
  },
  "HTTP Request" : {
    "transaction" : "HTTP Request",
    "sampleCount" : 15,
    "errorCount" : 0,
    "errorPct" : 0.0,
    "meanResTime" : 417.80000000000007,
    "medianResTime" : 247.0,
    "minResTime" : 61.0,
    "maxResTime" : 1143.0,
    "pct1ResTime" : 1088.4,
    "pct2ResTime" : 1143.0,
    "pct3ResTime" : 1143.0,
    "throughput" : 7.7081192189105865,
    "receivedKBytesPerSec" : 225.7520434545221,
    "sentKBytesPerSec" : 1.033771197327852
  },
  "Downloadpage_Tx" : {
    "transaction" : "Downloadpage_Tx",
    "sampleCount" : 5,
    "errorCount" : 0,
    "errorPct" : 0.0,
    "meanResTime" : 331.2,
    "medianResTime" : 247.0,
    "minResTime" : 203.0,
    "maxResTime" : 728.0,
    "pct1ResTime" : 728.0,
    "pct2ResTime" : 728.0,
    "pct3ResTime" : 728.0,
    "throughput" : 6.802721088435374,
    "receivedKBytesPerSec" : 80.13392857142857,
    "sentKBytesPerSec" : 0.936702806122449
  },
  "Getstartedpage_Tx" : {
    "transaction" : "Getstartedpage_Tx",
    "sampleCount" : 5,
    "errorCount" : 0,
    "errorPct" : 0.0,
    "meanResTime" : 110.2,
    "medianResTime" : 105.0,
    "minResTime" : 61.0,
    "maxResTime" : 163.0,
    "pct1ResTime" : 163.0,
    "pct2ResTime" : 163.0,
    "pct3ResTime" : 163.0,
    "throughput" : 7.886435331230284,
    "receivedKBytesPerSec" : 499.25602572949526,
    "sentKBytesPerSec" : 1.1475379534700316
  }
}