{
  "GetStartedpage_Tx" : {
    "transaction" : "GetStartedpage_Tx",
    "sampleCount" : 1,
    "errorCount" : 0,
    "errorPct" : 0.0,
    "meanResTime" : 2241.0,
    "medianResTime" : 2241.0,
    "minResTime" : 2241.0,
    "maxResTime" : 2241.0,
    "pct1ResTime" : 2241.0,
    "pct2ResTime" : 2241.0,
    "pct3ResTime" : 2241.0,
    "throughput" : 0.44622936189201245,
    "receivedKBytesPerSec" : 28.24884607875948,
    "sentKBytesPerSec" : 0.0649298583221776
  },
  "Total" : {
    "transaction" : "Total",
    "sampleCount" : 3,
    "errorCount" : 0,
    "errorPct" : 0.0,
    "meanResTime" : 3041.0,
    "medianResTime" : 2241.0,
    "minResTime" : 443.0,
    "maxResTime" : 6439.0,
    "pct1ResTime" : 6439.0,
    "pct2ResTime" : 6439.0,
    "pct3ResTime" : 6439.0,
    "throughput" : 0.32858707557502737,
    "receivedKBytesPerSec" : 9.62486308871851,
    "sentKBytesPerSec" : 0.044068318729463304
  },
  "Homepage_Tx" : {
    "transaction" : "Homepage_Tx",
    "sampleCount" : 1,
    "errorCount" : 0,
    "errorPct" : 0.0,
    "meanResTime" : 6439.0,
    "medianResTime" : 6439.0,
    "minResTime" : 6439.0,
    "maxResTime" : 6439.0,
    "pct1ResTime" : 6439.0,
    "pct2ResTime" : 6439.0,
    "pct3ResTime" : 6439.0,
    "throughput" : 0.1553036185743128,
    "receivedKBytesPerSec" : 1.9846710475229072,
    "sentKBytesPerSec" : 0.018502970181705235
  },
  "HTTP Request" : {
    "transaction" : "HTTP Request",
    "sampleCount" : 3,
    "errorCount" : 0,
    "errorPct" : 0.0,
    "meanResTime" : 3041.0,
    "medianResTime" : 2241.0,
    "minResTime" : 443.0,
    "maxResTime" : 6439.0,
    "pct1ResTime" : 6439.0,
    "pct2ResTime" : 6439.0,
    "pct3ResTime" : 6439.0,
    "throughput" : 0.32858707557502737,
    "receivedKBytesPerSec" : 9.62486308871851,
    "sentKBytesPerSec" : 0.044068318729463304
  },
  "Downloadpage_Tx" : {
    "transaction" : "Downloadpage_Tx",
    "sampleCount" : 1,
    "errorCount" : 0,
    "errorPct" : 0.0,
    "meanResTime" : 443.0,
    "medianResTime" : 443.0,
    "minResTime" : 443.0,
    "maxResTime" : 443.0,
    "pct1ResTime" : 443.0,
    "pct2ResTime" : 443.0,
    "pct3ResTime" : 443.0,
    "throughput" : 2.257336343115124,
    "receivedKBytesPerSec" : 26.614083662528216,
    "sentKBytesPerSec" : 0.31082463318284426
  }
}