{
  "https://jmeter.apache.org/-6" : {
    "transaction" : "https://jmeter.apache.org/-6",
    "sampleCount" : 1,
    "errorCount" : 0,
    "errorPct" : 0.0,
    "meanResTime" : 341.0,
    "medianResTime" : 341.0,
    "minResTime" : 341.0,
    "maxResTime" : 341.0,
    "pct1ResTime" : 341.0,
    "pct2ResTime" : 341.0,
    "pct3ResTime" : 341.0,
    "throughput" : 2.932551319648094,
    "receivedKBytesPerSec" : 102.09230663489735,
    "sentKBytesPerSec" : 1.4748671187683284
  },
  "https://jmeter.apache.org/usermanual/get-started.html-0" : {
    "transaction" : "https://jmeter.apache.org/usermanual/get-started.html-0",
    "sampleCount" : 1,
    "errorCount" : 0,
    "errorPct" : 0.0,
    "meanResTime" : 141.0,
    "medianResTime" : 141.0,
    "minResTime" : 141.0,
    "maxResTime" : 141.0,
    "pct1ResTime" : 141.0,
    "pct2ResTime" : 141.0,
    "pct3ResTime" : 141.0,
    "throughput" : 7.092198581560283,
    "receivedKBytesPerSec" : 448.97634086879435,
    "sentKBytesPerSec" : 3.6499889184397167
  },
  "https://jmeter.apache.org/usermanual/get-started.html-11" : {
    "transaction" : "https://jmeter.apache.org/usermanual/get-started.html-11",
    "sampleCount" : 1,
    "errorCount" : 0,
    "errorPct" : 0.0,
    "meanResTime" : 56.0,
    "medianResTime" : 56.0,
    "minResTime" : 56.0,
    "maxResTime" : 56.0,
    "pct1ResTime" : 56.0,
    "pct2ResTime" : 56.0,
    "pct3ResTime" : 56.0,
    "throughput" : 17.857142857142858,
    "receivedKBytesPerSec" : 50.31040736607143,
    "sentKBytesPerSec" : 9.434291294642858
  },
  "https://jmeter.apache.org/-7" : {
    "transaction" : "https://jmeter.apache.org/-7",
    "sampleCount" : 1,
    "errorCount" : 0,
    "errorPct" : 0.0,
    "meanResTime" : 210.0,
    "medianResTime" : 210.0,
    "minResTime" : 210.0,
    "maxResTime" : 210.0,
    "pct1ResTime" : 210.0,
    "pct2ResTime" : 210.0,
    "pct3ResTime" : 210.0,
    "throughput" : 4.761904761904763,
    "receivedKBytesPerSec" : 98.7397693452381,
    "sentKBytesPerSec" : 2.455357142857143
  },
  "https://jmeter.apache.org/usermanual/get-started.html-10" : {
    "transaction" : "https://jmeter.apache.org/usermanual/get-started.html-10",
    "sampleCount" : 1,
    "errorCount" : 0,
    "errorPct" : 0.0,
    "meanResTime" : 64.0,
    "medianResTime" : 64.0,
    "minResTime" : 64.0,
    "maxResTime" : 64.0,
    "pct1ResTime" : 64.0,
    "pct2ResTime" : 64.0,
    "pct3ResTime" : 64.0,
    "throughput" : 15.625,
    "receivedKBytesPerSec" : 76.6754150390625,
    "sentKBytesPerSec" : 8.4228515625
  },
  "https://jmeter.apache.org/usermanual/get-started.html-2" : {
    "transaction" : "https://jmeter.apache.org/usermanual/get-started.html-2",
    "sampleCount" : 1,
    "errorCount" : 0,
    "errorPct" : 0.0,
    "meanResTime" : 131.0,
    "medianResTime" : 131.0,
    "minResTime" : 131.0,
    "maxResTime" : 131.0,
    "pct1ResTime" : 131.0,
    "pct2ResTime" : 131.0,
    "pct3ResTime" : 131.0,
    "throughput" : 7.633587786259541,
    "receivedKBytesPerSec" : 7.067032442748092,
    "sentKBytesPerSec" : 4.465350667938931
  },
  "https://jmeter.apache.org/usermanual/get-started.html-1" : {
    "transaction" : "https://jmeter.apache.org/usermanual/get-started.html-1",
    "sampleCount" : 1,
    "errorCount" : 0,
    "errorPct" : 0.0,
    "meanResTime" : 290.0,
    "medianResTime" : 290.0,
    "minResTime" : 290.0,
    "maxResTime" : 290.0,
    "pct1ResTime" : 290.0,
    "pct2ResTime" : 290.0,
    "pct3ResTime" : 290.0,
    "throughput" : 3.4482758620689653,
    "receivedKBytesPerSec" : 8.462419181034484,
    "sentKBytesPerSec" : 1.9733297413793105
  },
  "https://jmeter.apache.org/" : {
    "transaction" : "https://jmeter.apache.org/",
    "sampleCount" : 1,
    "errorCount" : 0,
    "errorPct" : 0.0,
    "meanResTime" : 3497.0,
    "medianResTime" : 3497.0,
    "minResTime" : 3497.0,
    "maxResTime" : 3497.0,
    "pct1ResTime" : 3497.0,
    "pct2ResTime" : 3497.0,
    "pct3ResTime" : 3497.0,
    "throughput" : 0.28595939376608526,
    "receivedKBytesPerSec" : 40.93966703603088,
    "sentKBytesPerSec" : 1.1678536960251644
  },
  "https://jmeter.apache.org/-2" : {
    "transaction" : "https://jmeter.apache.org/-2",
    "sampleCount" : 1,
    "errorCount" : 0,
    "errorPct" : 0.0,
    "meanResTime" : 277.0,
    "medianResTime" : 277.0,
    "minResTime" : 277.0,
    "maxResTime" : 277.0,
    "pct1ResTime" : 277.0,
    "pct2ResTime" : 277.0,
    "pct3ResTime" : 277.0,
    "throughput" : 3.6101083032490977,
    "receivedKBytesPerSec" : 105.00690997292418,
    "sentKBytesPerSec" : 1.9354975180505414
  },
  "https://jmeter.apache.org/-3" : {
    "transaction" : "https://jmeter.apache.org/-3",
    "sampleCount" : 1,
    "errorCount" : 0,
    "errorPct" : 0.0,
    "meanResTime" : 453.0,
    "medianResTime" : 453.0,
    "minResTime" : 453.0,
    "maxResTime" : 453.0,
    "pct1ResTime" : 453.0,
    "pct2ResTime" : 453.0,
    "pct3ResTime" : 453.0,
    "throughput" : 2.207505518763797,
    "receivedKBytesPerSec" : 23.68972475165563,
    "sentKBytesPerSec" : 1.1145315949227372
  },
  "https://jmeter.apache.org/-4" : {
    "transaction" : "https://jmeter.apache.org/-4",
    "sampleCount" : 1,
    "errorCount" : 0,
    "errorPct" : 0.0,
    "meanResTime" : 178.0,
    "medianResTime" : 178.0,
    "minResTime" : 178.0,
    "maxResTime" : 178.0,
    "pct1ResTime" : 178.0,
    "pct2ResTime" : 178.0,
    "pct3ResTime" : 178.0,
    "throughput" : 5.617977528089887,
    "receivedKBytesPerSec" : 29.55473139044944,
    "sentKBytesPerSec" : 2.8419066011235956
  },
  "https://jmeter.apache.org/-5" : {
    "transaction" : "https://jmeter.apache.org/-5",
    "sampleCount" : 1,
    "errorCount" : 0,
    "errorPct" : 0.0,
    "meanResTime" : 365.0,
    "medianResTime" : 365.0,
    "minResTime" : 365.0,
    "maxResTime" : 365.0,
    "pct1ResTime" : 365.0,
    "pct2ResTime" : 365.0,
    "pct3ResTime" : 365.0,
    "throughput" : 2.73972602739726,
    "receivedKBytesPerSec" : 74.81271404109589,
    "sentKBytesPerSec" : 1.3885916095890412
  },
  "https://jmeter.apache.org/usermanual/get-started.html-8" : {
    "transaction" : "https://jmeter.apache.org/usermanual/get-started.html-8",
    "sampleCount" : 1,
    "errorCount" : 0,
    "errorPct" : 0.0,
    "meanResTime" : 47.0,
    "medianResTime" : 47.0,
    "minResTime" : 47.0,
    "maxResTime" : 47.0,
    "pct1ResTime" : 47.0,
    "pct2ResTime" : 47.0,
    "pct3ResTime" : 47.0,
    "throughput" : 21.27659574468085,
    "receivedKBytesPerSec" : 162.56648936170214,
    "sentKBytesPerSec" : 11.136968085106384
  },
  "https://jmeter.apache.org/usermanual/get-started.html-7" : {
    "transaction" : "https://jmeter.apache.org/usermanual/get-started.html-7",
    "sampleCount" : 1,
    "errorCount" : 0,
    "errorPct" : 0.0,
    "meanResTime" : 113.0,
    "medianResTime" : 113.0,
    "minResTime" : 113.0,
    "maxResTime" : 113.0,
    "pct1ResTime" : 113.0,
    "pct2ResTime" : 113.0,
    "pct3ResTime" : 113.0,
    "throughput" : 8.849557522123893,
    "receivedKBytesPerSec" : 2.7309181415929205,
    "sentKBytesPerSec" : 5.314919800884955
  },
  "https://jmeter.apache.org/usermanual/get-started.html-9" : {
    "transaction" : "https://jmeter.apache.org/usermanual/get-started.html-9",
    "sampleCount" : 1,
    "errorCount" : 0,
    "errorPct" : 0.0,
    "meanResTime" : 48.0,
    "medianResTime" : 48.0,
    "minResTime" : 48.0,
    "maxResTime" : 48.0,
    "pct1ResTime" : 48.0,
    "pct2ResTime" : 48.0,
    "pct3ResTime" : 48.0,
    "throughput" : 20.833333333333332,
    "receivedKBytesPerSec" : 252.44140625,
    "sentKBytesPerSec" : 10.945638020833334
  },
  "https://jmeter.apache.org/usermanual/get-started.html-4" : {
    "transaction" : "https://jmeter.apache.org/usermanual/get-started.html-4",
    "sampleCount" : 1,
    "errorCount" : 0,
    "errorPct" : 0.0,
    "meanResTime" : 132.0,
    "medianResTime" : 132.0,
    "minResTime" : 132.0,
    "maxResTime" : 132.0,
    "pct1ResTime" : 132.0,
    "pct2ResTime" : 132.0,
    "pct3ResTime" : 132.0,
    "throughput" : 7.575757575757576,
    "receivedKBytesPerSec" : 1.827355587121212,
    "sentKBytesPerSec" : 4.475911458333333
  },
  "https://jmeter.apache.org/download_jmeter.cgi" : {
    "transaction" : "https://jmeter.apache.org/download_jmeter.cgi",
    "sampleCount" : 1,
    "errorCount" : 0,
    "errorPct" : 0.0,
    "meanResTime" : 397.0,
    "medianResTime" : 397.0,
    "minResTime" : 397.0,
    "maxResTime" : 397.0,
    "pct1ResTime" : 397.0,
    "pct2ResTime" : 397.0,
    "pct3ResTime" : 397.0,
    "throughput" : 2.5188916876574305,
    "receivedKBytesPerSec" : 41.47807777078086,
    "sentKBytesPerSec" : 11.649874055415616
  },
  "https://jmeter.apache.org/usermanual/get-started.html-3" : {
    "transaction" : "https://jmeter.apache.org/usermanual/get-started.html-3",
    "sampleCount" : 1,
    "errorCount" : 0,
    "errorPct" : 0.0,
    "meanResTime" : 116.0,
    "medianResTime" : 116.0,
    "minResTime" : 116.0,
    "maxResTime" : 116.0,
    "pct1ResTime" : 116.0,
    "pct2ResTime" : 116.0,
    "pct3ResTime" : 116.0,
    "throughput" : 8.620689655172413,
    "receivedKBytesPerSec" : 2.2561961206896552,
    "sentKBytesPerSec" : 4.663927801724138
  },
  "https://jmeter.apache.org/usermanual/get-started.html-6" : {
    "transaction" : "https://jmeter.apache.org/usermanual/get-started.html-6",
    "sampleCount" : 1,
    "errorCount" : 0,
    "errorPct" : 0.0,
    "meanResTime" : 41.0,
    "medianResTime" : 41.0,
    "minResTime" : 41.0,
    "maxResTime" : 41.0,
    "pct1ResTime" : 41.0,
    "pct2ResTime" : 41.0,
    "pct3ResTime" : 41.0,
    "throughput" : 24.390243902439025,
    "receivedKBytesPerSec" : 6.407202743902439,
    "sentKBytesPerSec" : 13.147865853658535
  },
  "https://jmeter.apache.org/usermanual/get-started.html-5" : {
    "transaction" : "https://jmeter.apache.org/usermanual/get-started.html-5",
    "sampleCount" : 1,
    "errorCount" : 0,
    "errorPct" : 0.0,
    "meanResTime" : 116.0,
    "medianResTime" : 116.0,
    "minResTime" : 116.0,
    "maxResTime" : 116.0,
    "pct1ResTime" : 116.0,
    "pct2ResTime" : 116.0,
    "pct3ResTime" : 116.0,
    "throughput" : 8.620689655172413,
    "receivedKBytesPerSec" : 2.2646147629310343,
    "sentKBytesPerSec" : 4.680765086206896
  },
  "https://jmeter.apache.org/download_jmeter.cgi-4" : {
    "transaction" : "https://jmeter.apache.org/download_jmeter.cgi-4",
    "sampleCount" : 1,
    "errorCount" : 0,
    "errorPct" : 0.0,
    "meanResTime" : 41.0,
    "medianResTime" : 41.0,
    "minResTime" : 41.0,
    "maxResTime" : 41.0,
    "pct1ResTime" : 41.0,
    "pct2ResTime" : 41.0,
    "pct3ResTime" : 41.0,
    "throughput" : 24.390243902439025,
    "receivedKBytesPerSec" : 5.883193597560975,
    "sentKBytesPerSec" : 14.410251524390244
  },
  "GetStarted_Tx" : {
    "transaction" : "GetStarted_Tx",
    "sampleCount" : 1,
    "errorCount" : 0,
    "errorPct" : 0.0,
    "meanResTime" : 450.0,
    "medianResTime" : 450.0,
    "minResTime" : 450.0,
    "maxResTime" : 450.0,
    "pct1ResTime" : 450.0,
    "pct2ResTime" : 450.0,
    "pct3ResTime" : 450.0,
    "throughput" : 2.2222222222222223,
    "receivedKBytesPerSec" : 212.23307291666666,
    "sentKBytesPerSec" : 14.672309027777777
  },
  "https://jmeter.apache.org/download_jmeter.cgi-3" : {
    "transaction" : "https://jmeter.apache.org/download_jmeter.cgi-3",
    "sampleCount" : 1,
    "errorCount" : 0,
    "errorPct" : 0.0,
    "meanResTime" : 41.0,
    "medianResTime" : 41.0,
    "minResTime" : 41.0,
    "maxResTime" : 41.0,
    "pct1ResTime" : 41.0,
    "pct2ResTime" : 41.0,
    "pct3ResTime" : 41.0,
    "throughput" : 24.390243902439025,
    "receivedKBytesPerSec" : 6.383384146341463,
    "sentKBytesPerSec" : 14.386432926829269
  },
  "https://jmeter.apache.org/download_jmeter.cgi-6" : {
    "transaction" : "https://jmeter.apache.org/download_jmeter.cgi-6",
    "sampleCount" : 1,
    "errorCount" : 0,
    "errorPct" : 0.0,
    "meanResTime" : 40.0,
    "medianResTime" : 40.0,
    "minResTime" : 40.0,
    "maxResTime" : 40.0,
    "pct1ResTime" : 40.0,
    "pct2ResTime" : 40.0,
    "pct3ResTime" : 40.0,
    "throughput" : 25.0,
    "receivedKBytesPerSec" : 6.5673828125,
    "sentKBytesPerSec" : 14.697265625
  },
  "https://jmeter.apache.org/download_jmeter.cgi-5" : {
    "transaction" : "https://jmeter.apache.org/download_jmeter.cgi-5",
    "sampleCount" : 1,
    "errorCount" : 0,
    "errorPct" : 0.0,
    "meanResTime" : 40.0,
    "medianResTime" : 40.0,
    "minResTime" : 40.0,
    "maxResTime" : 40.0,
    "pct1ResTime" : 40.0,
    "pct2ResTime" : 40.0,
    "pct3ResTime" : 40.0,
    "throughput" : 25.0,
    "receivedKBytesPerSec" : 6.5673828125,
    "sentKBytesPerSec" : 14.794921875
  },
  "Test" : {
    "transaction" : "Test",
    "sampleCount" : 1,
    "errorCount" : 0,
    "errorPct" : 0.0,
    "meanResTime" : 3497.0,
    "medianResTime" : 3497.0,
    "minResTime" : 3497.0,
    "maxResTime" : 3497.0,
    "pct1ResTime" : 3497.0,
    "pct2ResTime" : 3497.0,
    "pct3ResTime" : 3497.0,
    "throughput" : 0.28595939376608526,
    "receivedKBytesPerSec" : 40.93966703603088,
    "sentKBytesPerSec" : 1.1678536960251644
  },
  "https://jmeter.apache.org/download_jmeter.cgi-7" : {
    "transaction" : "https://jmeter.apache.org/download_jmeter.cgi-7",
    "sampleCount" : 1,
    "errorCount" : 0,
    "errorPct" : 0.0,
    "meanResTime" : 41.0,
    "medianResTime" : 41.0,
    "minResTime" : 41.0,
    "maxResTime" : 41.0,
    "pct1ResTime" : 41.0,
    "pct2ResTime" : 41.0,
    "pct3ResTime" : 41.0,
    "throughput" : 24.390243902439025,
    "receivedKBytesPerSec" : 7.526676829268292,
    "sentKBytesPerSec" : 14.6484375
  },
  "https://jmeter.apache.org/-0" : {
    "transaction" : "https://jmeter.apache.org/-0",
    "sampleCount" : 1,
    "errorCount" : 0,
    "errorPct" : 0.0,
    "meanResTime" : 2858.0,
    "medianResTime" : 2858.0,
    "minResTime" : 2858.0,
    "maxResTime" : 2858.0,
    "pct1ResTime" : 2858.0,
    "pct2ResTime" : 2858.0,
    "pct3ResTime" : 2858.0,
    "throughput" : 0.3498950314905528,
    "receivedKBytesPerSec" : 4.470729093771868,
    "sentKBytesPerSec" : 0.1708471833449965
  },
  "https://jmeter.apache.org/-1" : {
    "transaction" : "https://jmeter.apache.org/-1",
    "sampleCount" : 1,
    "errorCount" : 0,
    "errorPct" : 0.0,
    "meanResTime" : 422.0,
    "medianResTime" : 422.0,
    "minResTime" : 422.0,
    "maxResTime" : 422.0,
    "pct1ResTime" : 422.0,
    "pct2ResTime" : 422.0,
    "pct3ResTime" : 422.0,
    "throughput" : 2.3696682464454977,
    "receivedKBytesPerSec" : 5.815406546208531,
    "sentKBytesPerSec" : 1.2403732227488151
  },
  "https://jmeter.apache.org/download_jmeter.cgi-0" : {
    "transaction" : "https://jmeter.apache.org/download_jmeter.cgi-0",
    "sampleCount" : 1,
    "errorCount" : 0,
    "errorPct" : 0.0,
    "meanResTime" : 286.0,
    "medianResTime" : 286.0,
    "minResTime" : 286.0,
    "maxResTime" : 286.0,
    "pct1ResTime" : 286.0,
    "pct2ResTime" : 286.0,
    "pct3ResTime" : 286.0,
    "throughput" : 3.4965034965034967,
    "receivedKBytesPerSec" : 41.08391608391609,
    "sentKBytesPerSec" : 1.7721536276223777
  },
  "https://jmeter.apache.org/download_jmeter.cgi-2" : {
    "transaction" : "https://jmeter.apache.org/download_jmeter.cgi-2",
    "sampleCount" : 1,
    "errorCount" : 0,
    "errorPct" : 0.0,
    "meanResTime" : 48.0,
    "medianResTime" : 48.0,
    "minResTime" : 48.0,
    "maxResTime" : 48.0,
    "pct1ResTime" : 48.0,
    "pct2ResTime" : 48.0,
    "pct3ResTime" : 48.0,
    "throughput" : 20.833333333333332,
    "receivedKBytesPerSec" : 19.287109375,
    "sentKBytesPerSec" : 12.186686197916666
  },
  "https://jmeter.apache.org/download_jmeter.cgi-1" : {
    "transaction" : "https://jmeter.apache.org/download_jmeter.cgi-1",
    "sampleCount" : 1,
    "errorCount" : 0,
    "errorPct" : 0.0,
    "meanResTime" : 105.0,
    "medianResTime" : 105.0,
    "minResTime" : 105.0,
    "maxResTime" : 105.0,
    "pct1ResTime" : 105.0,
    "pct2ResTime" : 105.0,
    "pct3ResTime" : 105.0,
    "throughput" : 9.523809523809526,
    "receivedKBytesPerSec" : 23.372395833333336,
    "sentKBytesPerSec" : 5.450148809523809
  },
  "Downloadpage_Tx" : {
    "transaction" : "Downloadpage_Tx",
    "sampleCount" : 1,
    "errorCount" : 0,
    "errorPct" : 0.0,
    "meanResTime" : 397.0,
    "medianResTime" : 397.0,
    "minResTime" : 397.0,
    "maxResTime" : 397.0,
    "pct1ResTime" : 397.0,
    "pct2ResTime" : 397.0,
    "pct3ResTime" : 397.0,
    "throughput" : 2.5188916876574305,
    "receivedKBytesPerSec" : 41.47807777078086,
    "sentKBytesPerSec" : 11.649874055415616
  },
  "https://jmeter.apache.org/usermanual/get-started.html" : {
    "transaction" : "https://jmeter.apache.org/usermanual/get-started.html",
    "sampleCount" : 1,
    "errorCount" : 0,
    "errorPct" : 0.0,
    "meanResTime" : 450.0,
    "medianResTime" : 450.0,
    "minResTime" : 450.0,
    "maxResTime" : 450.0,
    "pct1ResTime" : 450.0,
    "pct2ResTime" : 450.0,
    "pct3ResTime" : 450.0,
    "throughput" : 2.2222222222222223,
    "receivedKBytesPerSec" : 212.23307291666666,
    "sentKBytesPerSec" : 14.672309027777777
  },
  "Total" : {
    "transaction" : "Total",
    "sampleCount" : 31,
    "errorCount" : 0,
    "errorPct" : 0.0,
    "meanResTime" : 367.25806451612914,
    "medianResTime" : 131.0,
    "minResTime" : 40.0,
    "maxResTime" : 3497.0,
    "pct1ResTime" : 452.4,
    "pct2ResTime" : 3113.599999999999,
    "pct3ResTime" : 3497.0,
    "throughput" : 0.4557952156205431,
    "receivedKBytesPerSec" : 7.502615538573507,
    "sentKBytesPerSec" : 0.4502528468822137
  }
}